Year,App.,Taxon,Class,Order,Family,Genus,Importer,Exporter,Origin,Importer reported quantity,Exporter reported quantity,Term,Unit,Purpose,Source
2017,I,Phragmipedium spp.,,Orchidales,Orchidaceae,Phragmipedium,CZ,EC,,1,,live,,G,D
2017,I,Phragmipedium boissierianum,,Orchidales,Orchidaceae,Phragmipedium,CZ,EC,,1,,live,,G,D
2017,I,Phragmipedium caudatum,,Orchidales,Orchidaceae,Phragmipedium,CZ,EC,,3,,live,,G,D
2017,I,Phragmipedium hirtzii,,Orchidales,Orchidaceae,Phragmipedium,CZ,EC,,1,,live,,G,D
2017,I,Phragmipedium lindenii,,Orchidales,Orchidaceae,Phragmipedium,CZ,EC,,1,,live,,G,D
2017,I,Phragmipedium schlimii,,Orchidales,Orchidaceae,Phragmipedium,CZ,EC,,1,,live,,G,D
2017,I,Encephalartos spp.,,Cycadales,Zamiaceae,Encephalartos,CN,ZA,,,20,live,,G,A
2017,I,Encephalartos aemulans,,Cycadales,Zamiaceae,Encephalartos,CN,ZA,,,21,live,,G,A
2017,I,Encephalartos altensteinii,,Cycadales,Zamiaceae,Encephalartos,CN,ZA,,,10,live,,G,A
2017,I,Encephalartos aplanatus,,Cycadales,Zamiaceae,Encephalartos,CN,ZA,,,15,live,,G,A
2017,I,Encephalartos arenarius,,Cycadales,Zamiaceae,Encephalartos,CN,ZA,,,22,live,,G,A
2017,I,Encephalartos barteri,,Cycadales,Zamiaceae,Encephalartos,CN,ZA,,,10,live,,G,A
2017,I,Encephalartos bubalinus,,Cycadales,Zamiaceae,Encephalartos,CN,ZA,,,11,live,,G,A
2017,I,Encephalartos caffer,,Cycadales,Zamiaceae,Encephalartos,CN,ZA,,,21,live,,G,A
2017,I,Encephalartos cerinus,,Cycadales,Zamiaceae,Encephalartos,CN,ZA,,,20,live,,G,A
2017,I,Encephalartos concinnus,,Cycadales,Zamiaceae,Encephalartos,CN,ZA,,,20,live,,G,A
2017,I,Encephalartos cupidus,,Cycadales,Zamiaceae,Encephalartos,CN,ZA,,,21,live,,G,A
2017,I,Encephalartos cycadifolius,,Cycadales,Zamiaceae,Encephalartos,CN,ZA,,,25,live,,G,A
2017,I,Encephalartos dolomiticus,,Cycadales,Zamiaceae,Encephalartos,CN,ZA,,,17,live,,G,A
2017,I,Encephalartos dyerianus,,Cycadales,Zamiaceae,Encephalartos,CN,ZA,,,20,live,,G,A
2017,I,Encephalartos equatorialis,,Cycadales,Zamiaceae,Encephalartos,CN,ZA,,,2,live,,G,A
2017,I,Encephalartos eugene-maraisii,,Cycadales,Zamiaceae,Encephalartos,CN,ZA,,,20,live,,G,A
2017,I,Encephalartos ferox,,Cycadales,Zamiaceae,Encephalartos,CN,ZA,,,22,live,,G,A
2017,I,Encephalartos ghellinckii,,Cycadales,Zamiaceae,Encephalartos,CN,ZA,,,10,live,,G,A
2017,I,Encephalartos gratus,,Cycadales,Zamiaceae,Encephalartos,CN,ZA,,,10,live,,G,A
2017,I,Encephalartos heenanii,,Cycadales,Zamiaceae,Encephalartos,CN,ZA,,,15,live,,G,A
2017,I,Encephalartos hildebrandtii,,Cycadales,Zamiaceae,Encephalartos,CN,ZA,,,20,live,,G,A
2017,I,Encephalartos hirsutus,,Cycadales,Zamiaceae,Encephalartos,CN,ZA,,,2,live,,G,A
2017,I,Encephalartos horridus,,Cycadales,Zamiaceae,Encephalartos,CN,ZA,,,22,live,,G,A
2017,I,Encephalartos humilis,,Cycadales,Zamiaceae,Encephalartos,CN,ZA,,,8,live,,G,A
2017,I,Encephalartos inopinus,,Cycadales,Zamiaceae,Encephalartos,CN,ZA,,,21,live,,G,A
2017,I,Encephalartos ituriensis,,Cycadales,Zamiaceae,Encephalartos,CN,ZA,,,5,live,,G,A
2017,I,Encephalartos kisambo,,Cycadales,Zamiaceae,Encephalartos,CN,ZA,,,9,live,,G,A
2017,I,Encephalartos laevifolius,,Cycadales,Zamiaceae,Encephalartos,CN,ZA,,,22,live,,G,A
2017,I,Encephalartos lanatus,,Cycadales,Zamiaceae,Encephalartos,CN,ZA,,,21,live,,G,A
2017,I,Encephalartos latifrons,,Cycadales,Zamiaceae,Encephalartos,CN,ZA,,,5,live,,G,A
2017,I,Encephalartos lebomboensis,,Cycadales,Zamiaceae,Encephalartos,CN,ZA,,,22,live,,G,A
2017,I,Encephalartos lehmannii,,Cycadales,Zamiaceae,Encephalartos,CN,ZA,,,22,live,,G,A
2017,I,Encephalartos longifolius,,Cycadales,Zamiaceae,Encephalartos,CN,ZA,,,22,live,,G,A
2017,I,Encephalartos manikensis,,Cycadales,Zamiaceae,Encephalartos,CN,ZA,,,17,live,,G,A
2017,I,Encephalartos middelburgensis,,Cycadales,Zamiaceae,Encephalartos,CN,ZA,,,22,live,,G,A
2017,I,Encephalartos msinganus,,Cycadales,Zamiaceae,Encephalartos,CN,ZA,,,14,live,,G,A
2017,I,Encephalartos munchii,,Cycadales,Zamiaceae,Encephalartos,CN,ZA,,,5,live,,G,A
2017,I,Encephalartos natalensis,,Cycadales,Zamiaceae,Encephalartos,CN,ZA,,,22,live,,G,A
2017,I,Encephalartos ngoyanus,,Cycadales,Zamiaceae,Encephalartos,CN,ZA,,,20,live,,G,A
2017,I,Encephalartos nubimontanus,,Cycadales,Zamiaceae,Encephalartos,CN,ZA,,,22,live,,G,A
2017,I,Encephalartos paucidentatus,,Cycadales,Zamiaceae,Encephalartos,CN,ZA,,,15,live,,G,A
2017,I,Encephalartos princeps,,Cycadales,Zamiaceae,Encephalartos,CN,ZA,,,21,live,,G,A
2017,I,Encephalartos pterogonus,,Cycadales,Zamiaceae,Encephalartos,CN,ZA,,,7,live,,G,A
2017,I,Encephalartos sclavoi,,Cycadales,Zamiaceae,Encephalartos,CN,ZA,,,3,live,,G,A
2017,I,Encephalartos senticosus,,Cycadales,Zamiaceae,Encephalartos,CN,ZA,,,20,live,,G,A
2017,I,Encephalartos tegulaneus,,Cycadales,Zamiaceae,Encephalartos,CN,ZA,,,7,live,,G,A
2017,I,Encephalartos transvenosus,,Cycadales,Zamiaceae,Encephalartos,CN,ZA,,,20,live,,G,A
2017,I,Encephalartos trispinosus,,Cycadales,Zamiaceae,Encephalartos,CN,ZA,,,22,live,,G,A
2017,I,Encephalartos turneri,,Cycadales,Zamiaceae,Encephalartos,CN,ZA,,,13,live,,G,A
2017,I,Encephalartos umbeluziensis,,Cycadales,Zamiaceae,Encephalartos,CN,ZA,,,10,live,,G,A
2017,I,Encephalartos villosus,,Cycadales,Zamiaceae,Encephalartos,CN,ZA,,,19,live,,G,A
2017,I,Encephalartos whitelockii,,Cycadales,Zamiaceae,Encephalartos,CN,ZA,,,2,live,,G,A
2017,II,Pachypodium densiflorum,,Gentianales,Apocynaceae,Pachypodium,CZ,MG,,2,,live,,G,A
2017,II,Macaca mulatta,Mammalia,Primates,Cercopithecidae,Macaca,KZ,RU,,1,,live,,G,C
2017,II,Cycas revoluta,,Cycadales,Cycadaceae,Cycas,VN,ES,JP,3,,live,,G,A
2017,II,Lynx lynx,Mammalia,Carnivora,Felidae,Lynx,KZ,RU,,1,,live,,G,C
2017,II,Puma concolor,Mammalia,Carnivora,Felidae,Puma,KZ,RU,,1,,live,,G,C
2017,II,Aloe arborescens,,Liliales,Liliaceae,Aloe,CN,ZA,,,20,live,,G,A
2017,II,Aloe castanea,,Liliales,Liliaceae,Aloe,CN,ZA,,,20,live,,G,A
2017,II,Aloe marlothii,,Liliales,Liliaceae,Aloe,CN,ZA,,,20,live,,G,A
2017,II,Aloe striata,,Liliales,Liliaceae,Aloe,CN,ZA,,,20,live,,G,A
2017,II,Aloe suprafoliata,,Liliales,Liliaceae,Aloe,CN,ZA,,,20,live,,G,A
2017,II,Aloe tenuior,,Liliales,Liliaceae,Aloe,CN,ZA,,,20,live,,G,A
2017,II,Acianthera oscitans,,Orchidales,Orchidaceae,Acianthera,CZ,EC,,1,,live,,G,A
2017,II,Acianthera saurocephala,,Orchidales,Orchidaceae,Acianthera,CZ,EC,,1,,live,,G,A
2017,II,Acineta erythroxantha,,Orchidales,Orchidaceae,Acineta,CZ,EC,,1,,live,,G,A
2017,II,Aerangis stylosa,,Orchidales,Orchidaceae,Aerangis,CZ,MG,,2,,live,,G,A
2017,II,Aeranthes filipes,,Orchidales,Orchidaceae,Aeranthes,CZ,MG,,2,,live,,G,A
2017,II,Andinia ciliaris,,Orchidales,Orchidaceae,Andinia,CZ,EC,,1,,live,,G,A
2017,II,Andinia dalstroemii,,Orchidales,Orchidaceae,Andinia,CZ,EC,,1,,live,,G,A
2017,II,Andinia dielsii,,Orchidales,Orchidaceae,Andinia,CZ,EC,,2,,live,,G,A
2017,II,Andinia erepsis,,Orchidales,Orchidaceae,Andinia,CZ,EC,,4,,live,,G,A
2017,II,Andinia hirtzii,,Orchidales,Orchidaceae,Andinia,CZ,EC,,4,,live,,G,A
2017,II,Andinia lappacea,,Orchidales,Orchidaceae,Andinia,CZ,EC,,4,,live,,G,A
2017,II,Andinia micropetala,,Orchidales,Orchidaceae,Andinia,CZ,EC,,1,,live,,G,A
2017,II,Andinia pensilis,,Orchidales,Orchidaceae,Andinia,CZ,EC,,1,,live,,G,A
2017,II,Andinia pogonion,,Orchidales,Orchidaceae,Andinia,CZ,EC,,2,,live,,G,A
2017,II,Andinia schizopogon,,Orchidales,Orchidaceae,Andinia,CZ,EC,,2,,live,,G,A
2017,II,Andinia spiralis,,Orchidales,Orchidaceae,Andinia,CZ,EC,,2,,live,,G,A
2017,II,Andinia stalactites,,Orchidales,Orchidaceae,Andinia,CZ,EC,,2,,live,,G,A
2017,II,Andinia vestigipetala,,Orchidales,Orchidaceae,Andinia,CZ,EC,,1,,live,,G,A
2017,II,Angraecum protensum,,Orchidales,Orchidaceae,Angraecum,CZ,MG,,2,,live,,G,A
2017,II,Anneliesia candida,,Orchidales,Orchidaceae,Anneliesia,CZ,EC,,1,,live,,G,A
2017,II,Arundina graminifolia,,Orchidales,Orchidaceae,Arundina,SG,MY,,,1500,live,,G,A
2017,II,Aspidogyne bruxelii,,Orchidales,Orchidaceae,Aspidogyne,CZ,EC,,2,,live,,G,A
2017,II,Batemannia colleyi,,Orchidales,Orchidaceae,Batemannia,CZ,EC,,1,,live,,G,A
2017,II,Brachionidium elegans,,Orchidales,Orchidaceae,Brachionidium,CZ,EC,,4,,live,,G,A
2017,II,Brachionidium kuhniarum,,Orchidales,Orchidaceae,Brachionidium,CZ,EC,,4,,live,,G,A
2017,II,Brachionidium uxorium,,Orchidales,Orchidaceae,Brachionidium,CZ,EC,,4,,live,,G,A
2017,II,Brassia arcuigera,,Orchidales,Orchidaceae,Brassia,CZ,EC,,1,,live,,G,A
2017,II,Brassia aurantiaca,,Orchidales,Orchidaceae,Brassia,CZ,EC,,1,,live,,G,A
2017,II,Bulbophyllum baronii,,Orchidales,Orchidaceae,Bulbophyllum,CZ,MG,,10,,live,,G,A
2017,II,Bulbophyllum beccarii,,Orchidales,Orchidaceae,Bulbophyllum,JP,MY,,,10,cultures,,G,A
2017,II,Bulbophyllum blumei,,Orchidales,Orchidaceae,Bulbophyllum,JP,MY,,,10,cultures,,G,A
2017,II,Bulbophyllum hybrid,,Orchidales,Orchidaceae,Bulbophyllum,JP,MY,,,200,cultures,,G,A
2017,II,Bulbophyllum nitens,,Orchidales,Orchidaceae,Bulbophyllum,CZ,MG,,10,,live,,G,A
2017,II,Bulbophyllum pahudii,,Orchidales,Orchidaceae,Bulbophyllum,JP,MY,,,5,cultures,,G,A
2017,II,Calanthe sylvatica,,Orchidales,Orchidaceae,Calanthe,CZ,MG,,2,,live,,G,A
2017,II,Campylocentrum fasciola,,Orchidales,Orchidaceae,Campylocentrum,CZ,EC,,1,,live,,G,A
2017,II,Cattleya araguaiensis,,Orchidales,Orchidaceae,Cattleya,CZ,EC,,1,,live,,G,A
2017,II,Cattleya candida,,Orchidales,Orchidaceae,Cattleya,CZ,EC,,1,,live,,G,A
2017,II,Cattleya iricolor,,Orchidales,Orchidaceae,Cattleya,CZ,EC,,1,,live,,G,A
2017,II,Cattleya milleri,,Orchidales,Orchidaceae,Cattleya,CZ,EC,,1,,live,,G,A
2017,II,Cattleya mooreana,,Orchidales,Orchidaceae,Cattleya,CZ,EC,,1,,live,,G,A
2017,II,Caucaea nubigena,,Orchidales,Orchidaceae,Caucaea,CZ,EC,,1,,live,,G,A
2017,II,Coelogyne hybrid,,Orchidales,Orchidaceae,Coelogyne,JP,MY,,,50,cultures,,G,A
2017,II,Cranichis diphylla,,Orchidales,Orchidaceae,Cranichis,CZ,EC,,1,,live,,G,A
2017,II,Cranichis muscosa,,Orchidales,Orchidaceae,Cranichis,CZ,EC,,1,,live,,G,A
2017,II,Cranichis picta,,Orchidales,Orchidaceae,Cranichis,CZ,EC,,1,,live,,G,A
2017,II,Cranichis turkeliae,,Orchidales,Orchidaceae,Cranichis,CZ,EC,,1,,live,,G,A
2017,II,Cycnoches peruvianum,,Orchidales,Orchidaceae,Cycnoches,CZ,EC,,1,,live,,G,A
2017,II,Cymbidiella falcigera,,Orchidales,Orchidaceae,Cymbidiella,CZ,MG,,2,,live,,G,A
2017,II,Cymbidiella pardalina,,Orchidales,Orchidaceae,Cymbidiella,CZ,MG,,2,,live,,G,A
2017,II,Cynorkis villosa,,Orchidales,Orchidaceae,Cynorkis,CZ,MG,,2,,live,,G,A
2017,II,Cyrtochilum macranthum,,Orchidales,Orchidaceae,Cyrtochilum,CZ,EC,,3,,live,,G,A
2017,II,Dendrobium spp.,,Orchidales,Orchidaceae,Dendrobium,SG,MY,,,7800,live,,G,A
2017,II,Dendrobium aloifolium,,Orchidales,Orchidaceae,Dendrobium,JP,MY,,,5,cultures,,G,A
2017,II,Dendrobium hybrid,,Orchidales,Orchidaceae,Dendrobium,JP,MY,,,100,cultures,,G,A
2017,II,Dendrobium hybrid,,Orchidales,Orchidaceae,Dendrobium,SG,MY,,,118920,live,,G,A
2017,II,Dendrobium lasianthera,,Orchidales,Orchidaceae,Dendrobium,JP,MY,,,5,cultures,,G,A
2017,II,Dimerandra emarginata,,Orchidales,Orchidaceae,Dimerandra,CZ,EC,,1,,live,,G,A
2017,II,Disa incarnata,,Orchidales,Orchidaceae,Disa,CZ,MG,,2,,live,,G,A
2017,II,Disperis similis,,Orchidales,Orchidaceae,Disperis,CZ,MG,,2,,live,,G,A
2017,II,Dracula spp.,,Orchidales,Orchidaceae,Dracula,CZ,EC,,1,,live,,G,A
2017,II,Dracula andreettae,,Orchidales,Orchidaceae,Dracula,CZ,EC,,2,,live,,G,A
2017,II,Dracula simia,,Orchidales,Orchidaceae,Dracula,CZ,EC,,1,,live,,G,A
2017,II,Dracula sodiroi,,Orchidales,Orchidaceae,Dracula,CZ,EC,,1,,live,,G,A
2017,II,Dresslerella hirsutissima,,Orchidales,Orchidaceae,Dresslerella,CZ,EC,,3,,live,,G,A
2017,II,Echinosepala shuarii,,Orchidales,Orchidaceae,Echinosepala,CZ,EC,,3,,live,,G,A
2017,II,Echinosepala uncinata,,Orchidales,Orchidaceae,Echinosepala,CZ,EC,,1,,live,,G,A
2017,II,Epidendrum escobarianum,,Orchidales,Orchidaceae,Epidendrum,CZ,EC,,1,,live,,G,A
2017,II,Epidendrum suavis,,Orchidales,Orchidaceae,Epidendrum,CZ,EC,,1,,live,,G,A
2017,II,Erasanthe henrici,,Orchidales,Orchidaceae,Erasanthe,CZ,MG,,2,,live,,G,A
2017,II,Erycina glossomystax,,Orchidales,Orchidaceae,Erycina,CZ,EC,,1,,live,,G,A
2017,II,Eulophia grandidieri,,Orchidales,Orchidaceae,Eulophia,CZ,MG,,2,,live,,G,A
2017,II,Eulophiella roempleriana,,Orchidales,Orchidaceae,Eulophiella,CZ,MG,,2,,live,,G,A
2017,II,Eurystyles cotyledon,,Orchidales,Orchidaceae,Eurystyles,CZ,EC,,2,,live,,G,A
2017,II,Fernandezia ionanthera,,Orchidales,Orchidaceae,Fernandezia,CZ,EC,,1,,live,,G,A
2017,II,Fernandezia maculata,,Orchidales,Orchidaceae,Fernandezia,CZ,EC,,1,,live,,G,A
2017,II,Fernandezia subbiflora,,Orchidales,Orchidaceae,Fernandezia,CZ,EC,,1,,live,,G,A
2017,II,Frondaria caulescens,,Orchidales,Orchidaceae,Frondaria,CZ,EC,,1,,live,,G,A
2017,II,Galeottia acuminata,,Orchidales,Orchidaceae,Galeottia,CZ,EC,,1,,live,,G,A
2017,II,Galeottia fimbriata,,Orchidales,Orchidaceae,Galeottia,CZ,EC,,1,,live,,G,A
2017,II,Graphorkis medemiae,,Orchidales,Orchidaceae,Graphorkis,CZ,MG,,2,,live,,G,A
2017,II,Huntleya burtii,,Orchidales,Orchidaceae,Huntleya,CZ,EC,,1,,live,,G,A
2017,II,Jumellea major,,Orchidales,Orchidaceae,Jumellea,CZ,MG,,2,,live,,G,A
2017,II,Kefersteinia ocellata,,Orchidales,Orchidaceae,Kefersteinia,CZ,EC,,1,,live,,G,A
2017,II,Koellensteinia graminea,,Orchidales,Orchidaceae,Koellensteinia,CZ,EC,,1,,live,,G,A
2017,II,Kuhlhasseltia javanica,,Orchidales,Orchidaceae,Kuhlhasseltia,CZ,EC,,1,,live,,G,A
2017,II,Laelia sanguiloba,,Orchidales,Orchidaceae,Laelia,CZ,EC,,1,,live,,G,A
2017,II,Lankesterella orthantha,,Orchidales,Orchidaceae,Lankesterella,CZ,EC,,2,,live,,G,A
2017,II,Lemurorchis madagascariensis,,Orchidales,Orchidaceae,Lemurorchis,CZ,MG,,2,,live,,G,A
2017,II,Lepanthes spp.,,Orchidales,Orchidaceae,Lepanthes,CZ,EC,,5,,live,,G,A
2017,II,Lepanthes aculeata,,Orchidales,Orchidaceae,Lepanthes,CZ,EC,,1,,live,,G,A
2017,II,Lepanthes elongata,,Orchidales,Orchidaceae,Lepanthes,CZ,EC,,1,,live,,G,A
2017,II,Lepanthes grandiflora,,Orchidales,Orchidaceae,Lepanthes,CZ,EC,,1,,live,,G,A
2017,II,Lepanthes lucifer,,Orchidales,Orchidaceae,Lepanthes,CZ,EC,,1,,live,,G,A
2017,II,Lepanthes zamorensis,,Orchidales,Orchidaceae,Lepanthes,CZ,EC,,1,,live,,G,A
2017,II,Lepanthopsis acetabulum,,Orchidales,Orchidaceae,Lepanthopsis,CZ,EC,,4,,live,,G,A
2017,II,Lepanthopsis acuminata,,Orchidales,Orchidaceae,Lepanthopsis,CZ,EC,,1,,live,,G,A
2017,II,Lepanthopsis ubangii,,Orchidales,Orchidaceae,Lepanthopsis,CZ,EC,,1,,live,,G,A
2017,II,Liparis imerinensis,,Orchidales,Orchidaceae,Liparis,CZ,MG,,2,,live,,G,A
2017,II,Liparis serpens,,Orchidales,Orchidaceae,Liparis,CZ,EC,,1,,live,,G,A
2017,II,Lycaste tricolor,,Orchidales,Orchidaceae,Lycaste,CZ,EC,,1,,live,,G,A
2017,II,Masdevallia cerastes,,Orchidales,Orchidaceae,Masdevallia,CZ,EC,,1,,live,,G,A
2017,II,Masdevallia guttulata,,Orchidales,Orchidaceae,Masdevallia,CZ,EC,,1,,live,,G,A
2017,II,Masdevallia lucernula,,Orchidales,Orchidaceae,Masdevallia,CZ,EC,,1,,live,,G,A
2017,II,Masdevallia mejiana,,Orchidales,Orchidaceae,Masdevallia,CZ,EC,,1,,live,,G,A
2017,II,Masdevallia murex,,Orchidales,Orchidaceae,Masdevallia,CZ,EC,,1,,live,,G,A
2017,II,Masdevallia portillae,,Orchidales,Orchidaceae,Masdevallia,CZ,EC,,3,,live,,G,A
2017,II,Masdevallia trifurcata,,Orchidales,Orchidaceae,Masdevallia,CZ,EC,,1,,live,,G,A
2017,II,Maxillaria fletcheriana,,Orchidales,Orchidaceae,Maxillaria,CZ,EC,,1,,live,,G,A
2017,II,Maxillaria witsenioides,,Orchidales,Orchidaceae,Maxillaria,CZ,EC,,1,,live,,G,A
2017,II,Microchilus anchorifer,,Orchidales,Orchidaceae,Microchilus,CZ,EC,,1,,live,,G,A
2017,II,Microchilus tridax,,Orchidales,Orchidaceae,Microchilus,CZ,EC,,2,,live,,G,A
2017,II,Microcoelia macrantha,,Orchidales,Orchidaceae,Microcoelia,CZ,MG,,2,,live,,G,A
2017,II,Miltonia spp.,,Orchidales,Orchidaceae,Miltonia,CZ,EC,,1,,live,,G,A
2017,II,Miltonia clowesii,,Orchidales,Orchidaceae,Miltonia,CZ,EC,,1,,live,,G,A
2017,II,Miltoniopsis bismarckii,,Orchidales,Orchidaceae,Miltoniopsis,CZ,EC,,1,,live,,G,A
2017,II,Miltoniopsis vexillaria,,Orchidales,Orchidaceae,Miltoniopsis,CZ,EC,,1,,live,,G,A
2017,II,Monophyllorchis spp.,,Orchidales,Orchidaceae,Monophyllorchis,CZ,EC,,2,,live,,G,A
2017,II,Myoxanthus spp.,,Orchidales,Orchidaceae,Myoxanthus,CZ,EC,,2,,live,,G,A
2017,II,Myoxanthus ceratothallis,,Orchidales,Orchidaceae,Myoxanthus,CZ,EC,,1,,live,,G,A
2017,II,Myoxanthus uxorius,,Orchidales,Orchidaceae,Myoxanthus,CZ,EC,,1,,live,,G,A
2017,II,Neobathiea spp.,,Orchidales,Orchidaceae,Neobathiea,CZ,MG,,2,,live,,G,A
2017,II,Octomeria bomboizae,,Orchidales,Orchidaceae,Octomeria,CZ,EC,,1,,live,,G,A
2017,II,Octomeria graminifolia,,Orchidales,Orchidaceae,Octomeria,CZ,EC,,1,,live,,G,A
2017,II,Octomeria grandiflora,,Orchidales,Orchidaceae,Octomeria,CZ,EC,,1,,live,,G,A
2017,II,Oeceoclades gracillima,,Orchidales,Orchidaceae,Oeceoclades,CZ,MG,,2,,live,,G,A
2017,II,Oeceoclades maculata,,Orchidales,Orchidaceae,Oeceoclades,CZ,EC,,1,,live,,G,A
2017,II,Oeonia rosea,,Orchidales,Orchidaceae,Oeonia,CZ,MG,,2,,live,,G,A
2017,II,Oncidium spp.,,Orchidales,Orchidaceae,Oncidium,SG,MY,,,4000,live,,G,A
2017,II,Oncidium hybrid,,Orchidales,Orchidaceae,Oncidium,SG,MY,,,50600,live,,G,A
2017,II,Oncidium hyphaematicum,,Orchidales,Orchidaceae,Oncidium,CZ,EC,,1,,live,,G,A
2017,II,Orchidaceae hybrid,,Orchidales,Orchidaceae,,SG,MY,,,92350,live,,G,A
2017,II,Pabstia modestior,,Orchidales,Orchidaceae,Pabstia,CZ,EC,,1,,live,,G,A
2017,II,Pabstiella piraquarensis,,Orchidales,Orchidaceae,Pabstiella,CZ,EC,,2,,live,,G,A
2017,II,Paraphalaenopsis denevei,,Orchidales,Orchidaceae,Paraphalaenopsis,JP,MY,,,3,cultures,,G,A
2017,II,Pelexia callifera,,Orchidales,Orchidaceae,Pelexia,CZ,EC,,1,,live,,G,A
2017,II,Peristeria lindenii,,Orchidales,Orchidaceae,Peristeria,CZ,EC,,1,,live,,G,A
2017,II,Peristeria pendula,,Orchidales,Orchidaceae,Peristeria,CZ,EC,,1,,live,,G,A
2017,II,Pescatoria spp.,,Orchidales,Orchidaceae,Pescatoria,CZ,EC,,1,,live,,G,A
2017,II,Platystele baqueroi,,Orchidales,Orchidaceae,Platystele,CZ,EC,,1,,live,,G,A
2017,II,Platystele hirtzii,,Orchidales,Orchidaceae,Platystele,CZ,EC,,1,,live,,G,A
2017,II,Pleurothallis spp.,,Orchidales,Orchidaceae,Pleurothallis,CZ,EC,,4,,live,,G,A
2017,II,Pleurothallis aspergillum,,Orchidales,Orchidaceae,Pleurothallis,CZ,EC,,1,,live,,G,A
2017,II,Pleurothallis canaligera,,Orchidales,Orchidaceae,Pleurothallis,CZ,EC,,1,,live,,G,A
2017,II,Pleurothallis gargantua,,Orchidales,Orchidaceae,Pleurothallis,CZ,EC,,1,,live,,G,A
2017,II,Pleurothallis medinae,,Orchidales,Orchidaceae,Pleurothallis,CZ,EC,,1,,live,,G,A
2017,II,Pleurothallis neorinkei,,Orchidales,Orchidaceae,Pleurothallis,CZ,EC,,1,,live,,G,A
2017,II,Pleurothallis perijaensis,,Orchidales,Orchidaceae,Pleurothallis,CZ,EC,,2,,live,,G,A
2017,II,Pleurothallis perryi,,Orchidales,Orchidaceae,Pleurothallis,CZ,EC,,1,,live,,G,A
2017,II,Pleurothallis phymatodea,,Orchidales,Orchidaceae,Pleurothallis,CZ,EC,,1,,live,,G,A
2017,II,Pleurothallis teaguei,,Orchidales,Orchidaceae,Pleurothallis,CZ,EC,,1,,live,,G,A
2017,II,Pleurothallis volans,,Orchidales,Orchidaceae,Pleurothallis,CZ,EC,,1,,live,,G,A
2017,II,Pleurothallopsis tubulosa,,Orchidales,Orchidaceae,Pleurothallopsis,CZ,EC,,2,,live,,G,A
2017,II,Polycycnis spp.,,Orchidales,Orchidaceae,Polycycnis,CZ,EC,,1,,live,,G,A
2017,II,Ponthieva gimana,,Orchidales,Orchidaceae,Ponthieva,CZ,EC,,1,,live,,G,A
2017,II,Ponthieva pilosissima,,Orchidales,Orchidaceae,Ponthieva,CZ,EC,,1,,live,,G,A
2017,II,Porroglossum schramii,,Orchidales,Orchidaceae,Porroglossum,CZ,EC,,2,,live,,G,A
2017,II,Renanthera spp.,,Orchidales,Orchidaceae,Renanthera,SG,MY,,,200,live,,G,A
2017,II,Renanthera hybrid,,Orchidales,Orchidaceae,Renanthera,SG,MY,,,6200,live,,G,A
2017,II,Restrepia chocoensis,,Orchidales,Orchidaceae,Restrepia,CZ,EC,,1,,live,,G,A
2017,II,Scuticaria salesiana,,Orchidales,Orchidaceae,Scuticaria,CZ,EC,,1,,live,,G,A
2017,II,Sobralia virginalis,,Orchidales,Orchidaceae,Sobralia,CZ,EC,,1,,live,,G,A
2017,II,Specklinia picta,,Orchidales,Orchidaceae,Specklinia,CZ,EC,,1,,live,,G,A
2017,II,Stanhopea tricornis,,Orchidales,Orchidaceae,Stanhopea,CZ,EC,,1,,live,,G,A
2017,II,Stelis brenneri,,Orchidales,Orchidaceae,Stelis,CZ,EC,,1,,live,,G,A
2017,II,Stelis imraei,,Orchidales,Orchidaceae,Stelis,CZ,EC,,1,,live,,G,A
2017,II,Stelis nexipous,,Orchidales,Orchidaceae,Stelis,CZ,EC,,1,,live,,G,A
2017,II,Stelis restrepioides,,Orchidales,Orchidaceae,Stelis,CZ,EC,,1,,live,,G,A
2017,II,Stelis segoviensis,,Orchidales,Orchidaceae,Stelis,CZ,EC,,1,,live,,G,A
2017,II,Telipogon andicola,,Orchidales,Orchidaceae,Telipogon,CZ,EC,,1,,live,,G,A
2017,II,Telipogon asuayanus,,Orchidales,Orchidaceae,Telipogon,CZ,EC,,2,,live,,G,A
2017,II,Trichocentrum pulchrum,,Orchidales,Orchidaceae,Trichocentrum,CZ,EC,,1,,live,,G,A
2017,II,Trichopilia rostrata,,Orchidales,Orchidaceae,Trichopilia,CZ,EC,,1,,live,,G,A
2017,II,Trichopilia suavis,,Orchidales,Orchidaceae,Trichopilia,CZ,EC,,1,,live,,G,A
2017,II,Trichosalpinx spp.,,Orchidales,Orchidaceae,Trichosalpinx,CZ,EC,,1,,live,,G,A
2017,II,Trisetella pantex,,Orchidales,Orchidaceae,Trisetella,CZ,EC,,2,,live,,G,A
2017,II,Vanda hybrid,,Orchidales,Orchidaceae,Vanda,SG,MY,,,16000,live,,G,A
2017,II,Vanilla madagascariensis,,Orchidales,Orchidaceae,Vanilla,CZ,MG,,2,,live,,G,A
2017,II,Ursus arctos,Mammalia,Carnivora,Ursidae,Ursus,KZ,RU,,1,,live,,G,F
2018,I,Sclerocactus blainei,,Caryophyllales,Cactaceae,Sclerocactus,SG,AU,,10,,live,,G,D
2018,I,Sclerocactus cloverae,,Caryophyllales,Cactaceae,Sclerocactus,SG,AU,,10,,live,,G,D
2018,I,Sclerocactus sileri,,Caryophyllales,Cactaceae,Sclerocactus,SG,AU,,10,,live,,G,D
2018,I,Paphiopedilum appletonianum,,Orchidales,Orchidaceae,Paphiopedilum,SG,AU,,10,,live,,G,D
2018,I,Paphiopedilum godefroyae,,Orchidales,Orchidaceae,Paphiopedilum,SG,AU,,5,,live,,G,D
2018,I,Stangeria eriopus,,Cycadales,Stangeriaceae,Stangeria,CN,ZA,,,20,live,,G,A
2018,I,Encephalartos altensteinii,,Cycadales,Zamiaceae,Encephalartos,CN,ZA,,,10,live,,G,A
2018,I,Encephalartos aplanatus,,Cycadales,Zamiaceae,Encephalartos,CN,ZA,,,15,live,,G,A
2018,I,Encephalartos arenarius,,Cycadales,Zamiaceae,Encephalartos,CN,ZA,,,43,live,,G,A
2018,I,Encephalartos barteri,,Cycadales,Zamiaceae,Encephalartos,CN,ZA,,,10,live,,G,A
2018,I,Encephalartos bubalinus,,Cycadales,Zamiaceae,Encephalartos,CN,ZA,,,11,live,,G,A
2018,I,Encephalartos caffer,,Cycadales,Zamiaceae,Encephalartos,CN,ZA,,,20,live,,G,A
2018,I,Encephalartos cerinus,,Cycadales,Zamiaceae,Encephalartos,CN,ZA,,,20,live,,G,A
2018,I,Encephalartos concinnus,,Cycadales,Zamiaceae,Encephalartos,CN,ZA,,,20,live,,G,A
2018,I,Encephalartos cupidus,,Cycadales,Zamiaceae,Encephalartos,CN,ZA,,,21,live,,G,A
2018,I,Encephalartos cycadifolius,,Cycadales,Zamiaceae,Encephalartos,CN,ZA,,,5,live,,G,A
2018,I,Encephalartos dolomiticus,,Cycadales,Zamiaceae,Encephalartos,CN,ZA,,,17,live,,G,A
2018,I,Encephalartos dyerianus,,Cycadales,Zamiaceae,Encephalartos,CN,ZA,,,20,live,,G,A
2018,I,Encephalartos equatorialis,,Cycadales,Zamiaceae,Encephalartos,CN,ZA,,,2,live,,G,A
2018,I,Encephalartos eugene-maraisii,,Cycadales,Zamiaceae,Encephalartos,CN,ZA,,,22,live,,G,A
2018,I,Encephalartos ferox,,Cycadales,Zamiaceae,Encephalartos,CN,ZA,,,22,live,,G,A
2018,I,Encephalartos friderici-guilielmi,,Cycadales,Zamiaceae,Encephalartos,CN,ZA,,,20,live,,G,A
2018,I,Encephalartos ghellinckii,,Cycadales,Zamiaceae,Encephalartos,CN,ZA,,,10,live,,G,A
2018,I,Encephalartos gratus,,Cycadales,Zamiaceae,Encephalartos,CN,ZA,,,10,live,,G,A
2018,I,Encephalartos heenanii,,Cycadales,Zamiaceae,Encephalartos,CN,ZA,,,15,live,,G,A
2018,I,Encephalartos hildebrandtii,,Cycadales,Zamiaceae,Encephalartos,CN,ZA,,,20,live,,G,A
2018,I,Encephalartos hirsutus,,Cycadales,Zamiaceae,Encephalartos,CN,ZA,,,2,live,,G,A
2018,I,Encephalartos horridus,,Cycadales,Zamiaceae,Encephalartos,CN,ZA,,,20,live,,G,A
2018,I,Encephalartos humilis,,Cycadales,Zamiaceae,Encephalartos,CN,ZA,,,8,live,,G,A
2018,I,Encephalartos inopinus,,Cycadales,Zamiaceae,Encephalartos,CN,ZA,,,21,live,,G,A
2018,I,Encephalartos ituriensis,,Cycadales,Zamiaceae,Encephalartos,CN,ZA,,,5,live,,G,A
2018,I,Encephalartos kisambo,,Cycadales,Zamiaceae,Encephalartos,CN,ZA,,,9,live,,G,A
2018,I,Encephalartos laevifolius,,Cycadales,Zamiaceae,Encephalartos,CN,ZA,,,22,live,,G,A
2018,I,Encephalartos lanatus,,Cycadales,Zamiaceae,Encephalartos,CN,ZA,,,21,live,,G,A
2018,I,Encephalartos latifrons,,Cycadales,Zamiaceae,Encephalartos,CN,ZA,,,5,live,,G,A
2018,I,Encephalartos lebomboensis,,Cycadales,Zamiaceae,Encephalartos,CN,ZA,,,22,live,,G,A
2018,I,Encephalartos lehmannii,,Cycadales,Zamiaceae,Encephalartos,CN,ZA,,,22,live,,G,A
2018,I,Encephalartos longifolius,,Cycadales,Zamiaceae,Encephalartos,CN,ZA,,,22,live,,G,A
2018,I,Encephalartos manikensis,,Cycadales,Zamiaceae,Encephalartos,CN,ZA,,,17,live,,G,A
2018,I,Encephalartos middelburgensis,,Cycadales,Zamiaceae,Encephalartos,CN,ZA,,,22,live,,G,A
2018,I,Encephalartos msinganus,,Cycadales,Zamiaceae,Encephalartos,CN,ZA,,,14,live,,G,A
2018,I,Encephalartos munchii,,Cycadales,Zamiaceae,Encephalartos,CN,ZA,,,5,live,,G,A
2018,I,Encephalartos natalensis,,Cycadales,Zamiaceae,Encephalartos,CN,ZA,,,22,live,,G,A
2018,I,Encephalartos ngoyanus,,Cycadales,Zamiaceae,Encephalartos,CN,ZA,,,20,live,,G,A
2018,I,Encephalartos nubimontanus,,Cycadales,Zamiaceae,Encephalartos,CN,ZA,,,22,live,,G,A
2018,I,Encephalartos paucidentatus,,Cycadales,Zamiaceae,Encephalartos,CN,ZA,,,15,live,,G,A
2018,I,Encephalartos princeps,,Cycadales,Zamiaceae,Encephalartos,CN,ZA,,,21,live,,G,A
2018,I,Encephalartos pterogonus,,Cycadales,Zamiaceae,Encephalartos,CN,ZA,,,7,live,,G,A
2018,I,Encephalartos sclavoi,,Cycadales,Zamiaceae,Encephalartos,CN,ZA,,,3,live,,G,A
2018,I,Encephalartos senticosus,,Cycadales,Zamiaceae,Encephalartos,CN,ZA,,,20,live,,G,A
2018,I,Encephalartos tegulaneus,,Cycadales,Zamiaceae,Encephalartos,CN,ZA,,,7,live,,G,A
2018,I,Encephalartos transvenosus,,Cycadales,Zamiaceae,Encephalartos,CN,ZA,,,20,live,,G,A
2018,I,Encephalartos trispinosus,,Cycadales,Zamiaceae,Encephalartos,CN,ZA,,,22,live,,G,A
2018,I,Encephalartos turneri,,Cycadales,Zamiaceae,Encephalartos,CN,ZA,,,13,live,,G,A
2018,I,Encephalartos umbeluziensis,,Cycadales,Zamiaceae,Encephalartos,CN,ZA,,,10,live,,G,A
2018,I,Encephalartos villosus,,Cycadales,Zamiaceae,Encephalartos,CN,ZA,,,19,live,,G,A
2018,I,Encephalartos whitelockii,,Cycadales,Zamiaceae,Encephalartos,CN,ZA,,,2,live,,G,A
2018,II,Pachypodium rosulatum,,Gentianales,Apocynaceae,Pachypodium,FR,MG,,2,,live,,G,A
2018,II,Consolea macracantha,,Caryophyllales,Cactaceae,Consolea,US,CU,,,7,dried plants,,G,W
2018,II,Consolea moniliformis,,Caryophyllales,Cactaceae,Consolea,US,CU,,,3,dried plants,,G,W
2018,II,Cylindropuntia hystrix,,Caryophyllales,Cactaceae,Cylindropuntia,US,CU,,,2,dried plants,,G,W
2018,II,Dendrocereus nudiflorus,,Caryophyllales,Cactaceae,Dendrocereus,MX,CU,,,1,dried plants,,G,W
2018,II,Dendrocereus nudiflorus,,Caryophyllales,Cactaceae,Dendrocereus,US,CU,,,1,dried plants,,G,W
2018,II,Harrisia earlei,,Caryophyllales,Cactaceae,Harrisia,US,CU,,,3,dried plants,,G,W
2018,II,Harrisia eriophora,,Caryophyllales,Cactaceae,Harrisia,US,CU,,,4,dried plants,,G,W
2018,II,Harrisia gracilis,,Caryophyllales,Cactaceae,Harrisia,US,CU,,,3,dried plants,,G,W
2018,II,Leptocereus arboreus,,Caryophyllales,Cactaceae,Leptocereus,MX,CU,,,1,dried plants,,G,W
2018,II,Leptocereus arboreus,,Caryophyllales,Cactaceae,Leptocereus,US,CU,,,1,dried plants,,G,W
2018,II,Leptocereus assurgens,,Caryophyllales,Cactaceae,Leptocereus,MX,CU,,,3,dried plants,,G,W
2018,II,Leptocereus assurgens,,Caryophyllales,Cactaceae,Leptocereus,US,CU,,,3,dried plants,,G,W
2018,II,Leptocereus carinatus,,Caryophyllales,Cactaceae,Leptocereus,MX,CU,,,1,dried plants,,G,W
2018,II,Leptocereus carinatus,,Caryophyllales,Cactaceae,Leptocereus,US,CU,,,1,dried plants,,G,W
2018,II,Leptocereus scopulophilus,,Caryophyllales,Cactaceae,Leptocereus,MX,CU,,,1,dried plants,,G,W
2018,II,Leptocereus scopulophilus,,Caryophyllales,Cactaceae,Leptocereus,US,CU,,,1,dried plants,,G,W
2018,II,Leptocereus sylvestris,,Caryophyllales,Cactaceae,Leptocereus,MX,CU,,,3,dried plants,,G,W
2018,II,Leptocereus sylvestris,,Caryophyllales,Cactaceae,Leptocereus,US,CU,,,3,dried plants,,G,W
2018,II,Leptocereus wrightii,,Caryophyllales,Cactaceae,Leptocereus,MX,CU,,,1,dried plants,,G,W
2018,II,Leptocereus wrightii,,Caryophyllales,Cactaceae,Leptocereus,US,CU,,,1,dried plants,,G,W
2018,II,Mammillaria prolifera,,Caryophyllales,Cactaceae,Mammillaria,US,CU,,,4,dried plants,,G,W
2018,II,Melocactus curvispinus,,Caryophyllales,Cactaceae,Melocactus,US,CU,,,5,dried plants,,G,W
2018,II,Melocactus harlowii,,Caryophyllales,Cactaceae,Melocactus,US,CU,,,11,dried plants,,G,W
2018,II,Melocactus intortus,,Caryophyllales,Cactaceae,Melocactus,US,CU,,,1,dried plants,,G,W
2018,II,Melocactus matanzanus,,Caryophyllales,Cactaceae,Melocactus,US,CU,,,3,dried plants,,G,W
2018,II,Opuntia spp.,,Caryophyllales,Cactaceae,Opuntia,US,CU,,,2,dried plants,,G,W
2018,II,Opuntia stricta,,Caryophyllales,Cactaceae,Opuntia,US,CU,,,5,dried plants,,G,W
2018,II,Opuntia triacantha,,Caryophyllales,Cactaceae,Opuntia,US,CU,,,2,dried plants,,G,W
2018,II,Pilosocereus spp.,,Caryophyllales,Cactaceae,Pilosocereus,MX,CU,,,1,dried plants,,G,W
2018,II,Pilosocereus spp.,,Caryophyllales,Cactaceae,Pilosocereus,US,CU,,,1,dried plants,,G,W
2018,II,Selenicereus grandiflorus,,Caryophyllales,Cactaceae,Selenicereus,MX,CU,,,2,dried plants,,G,W
2018,II,Selenicereus grandiflorus,,Caryophyllales,Cactaceae,Selenicereus,US,CU,,,2,dried plants,,G,W
2018,II,Alluaudia procera,,Caryophyllales,Didiereaceae,Alluaudia,FR,MG,,2,,live,,G,A
2018,II,Didierea madagascariensis,,Caryophyllales,Didiereaceae,Didierea,FR,MG,,2,,live,,G,A
2018,II,Didierea trollii,,Caryophyllales,Didiereaceae,Didierea,FR,MG,,2,,live,,G,A
2018,II,Aloe arborescens,,Liliales,Liliaceae,Aloe,CN,ZA,,,20,live,,G,A
2018,II,Aloe castanea,,Liliales,Liliaceae,Aloe,CN,ZA,,,20,live,,G,A
2018,II,Aloe marlothii,,Liliales,Liliaceae,Aloe,CN,ZA,,,20,live,,G,A
2018,II,Aloe striata,,Liliales,Liliaceae,Aloe,CN,ZA,,,20,live,,G,A
2018,II,Aloe suprafoliata,,Liliales,Liliaceae,Aloe,CN,ZA,,,20,live,,G,A
2018,II,Aloe tenuior,,Liliales,Liliaceae,Aloe,CN,ZA,,,20,live,,G,A
2018,II,Aerides spp.,,Orchidales,Orchidaceae,Aerides,GB,KH,,1,,live,,G,W
2018,II,Angraecum spp.,,Orchidales,Orchidaceae,Angraecum,CH,FR,,,1,cultures,,G,A
2018,II,Bulbophyllum spp.,,Orchidales,Orchidaceae,Bulbophyllum,GB,KH,,30,,live,,G,W
2018,II,Cleisostoma spp.,,Orchidales,Orchidaceae,Cleisostoma,GB,KH,,14,,live,,G,W
2018,II,Coelogyne spp.,,Orchidales,Orchidaceae,Coelogyne,GB,KH,,6,,live,,G,W
2018,II,Crepidium spp.,,Orchidales,Orchidaceae,Crepidium,GB,KH,,9,,live,,G,W
2018,II,Crepidium spp.,,Orchidales,Orchidaceae,Crepidium,GB,KH,,3,,specimens,,G,W
2018,II,Dendrobium spp.,,Orchidales,Orchidaceae,Dendrobium,GB,KH,,11,,live,,G,W
2018,II,Dendrobium hybrid,,Orchidales,Orchidaceae,Dendrobium,SG,MY,,,160650,live,,G,A
2018,II,Dendrobium parthenium,,Orchidales,Orchidaceae,Dendrobium,SG,MY,,,100,cultures,,G,A
2018,II,Eria spp.,,Orchidales,Orchidaceae,Eria,GB,KH,,13,,live,,G,W
2018,II,Goodyera spp.,,Orchidales,Orchidaceae,Goodyera,GB,KH,,5,,live,,G,W
2018,II,Goodyera spp.,,Orchidales,Orchidaceae,Goodyera,GB,KH,,1,,specimens,,G,W
2018,II,Habenaria spp.,,Orchidales,Orchidaceae,Habenaria,GB,KH,,4,,live,,G,W
2018,II,Lycaste virginalis,,Orchidales,Orchidaceae,Lycaste,CH,FR,,,1,cultures,,G,A
2018,II,Oncidium hybrid,,Orchidales,Orchidaceae,Oncidium,SG,MY,,,88100,live,,G,A
2018,II,Orchidaceae spp.,,Orchidales,Orchidaceae,,GB,KH,,34,,live,,G,W
2018,II,Orchidaceae spp.,,Orchidales,Orchidaceae,,GB,KH,,4,,specimens,,G,W
2018,II,Orchidaceae spp.,,Orchidales,Orchidaceae,,KR,JP,,,95,live,,G,A
2018,II,Orchidaceae hybrid,,Orchidales,Orchidaceae,,SG,MY,,,148300,live,,G,A
2018,II,Phalaenopsis cornucervi,,Orchidales,Orchidaceae,Phalaenopsis,SG,MY,,,100,bark,,G,A
2018,II,Renanthera hybrid,,Orchidales,Orchidaceae,Renanthera,SG,MY,,,5500,live,,G,A
2018,II,Vanda hybrid,,Orchidales,Orchidaceae,Vanda,SG,MY,,,50,bark,,G,A
2018,II,Vanda hybrid,,Orchidales,Orchidaceae,Vanda,SG,MY,,,17100,live,,G,A
2018,II,Vanilla spp.,,Orchidales,Orchidaceae,Vanilla,GB,KH,,2,,live,,G,W
2018,II,Vanilla spp.,,Orchidales,Orchidaceae,Vanilla,GB,KH,,1,,specimens,,G,W
2018,II,Zygosepalum labiosum,,Orchidales,Orchidaceae,Zygosepalum,CH,FR,,,1,cultures,,G,A
2019,I,Nepenthes khasiana,,Nepenthales,Nepenthaceae,Nepenthes,SG,JP,,,1,live,,G,A
2019,I,Phragmipedium caudatum,,Orchidales,Orchidaceae,Phragmipedium,CZ,EC,,3,,live,,G,D
2019,I,Phragmipedium hirtzii,,Orchidales,Orchidaceae,Phragmipedium,CZ,EC,,2,,live,,G,D
2019,I,Phragmipedium lindenii,,Orchidales,Orchidaceae,Phragmipedium,CZ,EC,,1,,live,,G,D
2019,I,Phragmipedium roethianum,,Orchidales,Orchidaceae,Phragmipedium,CZ,EC,,1,,live,,G,D
2019,I,Phragmipedium schlimii,,Orchidales,Orchidaceae,Phragmipedium,CZ,EC,,3,,live,,G,D
2019,II,Caiman crocodilus fuscus,Reptilia,Crocodylia,Alligatoridae,Caiman,RU,DE,VE,,10,leather products (small),,G,W
2019,II,Dalbergia melanoxylon,,Fabales,Leguminosae,Dalbergia,US,DE,TZ,,2,wood product,kg,G,O
2019,II,Dalbergia sissoo,,Fabales,Leguminosae,Dalbergia,DE,IN,,1603.44,,wood product,kg,G,A
2019,II,Dalbergia stevensonii,,Fabales,Leguminosae,Dalbergia,CN,DE,GT,,10.38,wood product,kg,G,W
2019,II,Nepenthes pervillei,,Nepenthales,Nepenthaceae,Nepenthes,SG,JP,,,1,live,,G,A
2019,II,Acianthera aechme,,Orchidales,Orchidaceae,Acianthera,CZ,EC,,2,,live,,G,A
2019,II,Acianthera oscitans,,Orchidales,Orchidaceae,Acianthera,CZ,EC,,2,,live,,G,A
2019,II,Acianthera prolifera,,Orchidales,Orchidaceae,Acianthera,CZ,EC,,1,,live,,G,A
2019,II,Anathallis acuminata,,Orchidales,Orchidaceae,Anathallis,CZ,EC,,1,,live,,G,A
2019,II,Anathallis dimidia,,Orchidales,Orchidaceae,Anathallis,CZ,EC,,1,,live,,G,A
2019,II,Andinia dalstroemii,,Orchidales,Orchidaceae,Andinia,CZ,EC,,2,,live,,G,A
2019,II,Andinia macrotica,,Orchidales,Orchidaceae,Andinia,CZ,EC,,2,,live,,G,A
2019,II,Andinia pensilis,,Orchidales,Orchidaceae,Andinia,CZ,EC,,1,,live,,G,A
2019,II,Andinia pogonion,,Orchidales,Orchidaceae,Andinia,CZ,EC,,2,,live,,G,A
2019,II,Andinia schizopogon,,Orchidales,Orchidaceae,Andinia,CZ,EC,,2,,live,,G,A
2019,II,Andinia spiralis,,Orchidales,Orchidaceae,Andinia,CZ,EC,,1,,live,,G,A
2019,II,Andinia stalactites,,Orchidales,Orchidaceae,Andinia,CZ,EC,,2,,live,,G,A
2019,II,Andinia vestigipetala,,Orchidales,Orchidaceae,Andinia,CZ,EC,,1,,live,,G,A
2019,II,Aspidogyne bruxelii,,Orchidales,Orchidaceae,Aspidogyne,CZ,EC,,1,,live,,G,A
2019,II,Aspidogyne mystacina,,Orchidales,Orchidaceae,Aspidogyne,CZ,EC,,1,,live,,G,A
2019,II,Barbosella portillae,,Orchidales,Orchidaceae,Barbosella,CZ,EC,,1,,live,,G,A
2019,II,Batemannia colleyi,,Orchidales,Orchidaceae,Batemannia,CZ,EC,,2,,live,,G,A
2019,II,Benzingia palorae,,Orchidales,Orchidaceae,Benzingia,CZ,EC,,1,,live,,G,A
2019,II,Bletilla striata,,Orchidales,Orchidaceae,Bletilla,US,JP,,,3,live,,G,A
2019,II,Brachionidium elegans,,Orchidales,Orchidaceae,Brachionidium,CZ,EC,,4,,live,,G,A
2019,II,Brachionidium uxorium,,Orchidales,Orchidaceae,Brachionidium,CZ,EC,,4,,live,,G,A
2019,II,Cattleya luteola,,Orchidales,Orchidaceae,Cattleya,CZ,EC,,2,,live,,G,A
2019,II,Cattleya mooreana,,Orchidales,Orchidaceae,Cattleya,CZ,EC,,2,,live,,G,A
2019,II,Chaubardia heteroclita,,Orchidales,Orchidaceae,Chaubardia,CZ,EC,,1,,live,,G,A
2019,II,Chondroscaphe merana,,Orchidales,Orchidaceae,Chondroscaphe,CZ,EC,,2,,live,,G,A
2019,II,Comparettia speciosa,,Orchidales,Orchidaceae,Comparettia,CZ,EC,,2,,live,,G,A
2019,II,Cyclopogon calophyllus,,Orchidales,Orchidaceae,Cyclopogon,CZ,EC,,2,,live,,G,A
2019,II,Cyclopogon elatus,,Orchidales,Orchidaceae,Cyclopogon,CZ,EC,,1,,live,,G,A
2019,II,Cycnoches cooperi,,Orchidales,Orchidaceae,Cycnoches,CZ,EC,,1,,live,,G,A
2019,II,Cycnoches lehmannii,,Orchidales,Orchidaceae,Cycnoches,CZ,EC,,1,,live,,G,A
2019,II,Cyrtochilum edwardii,,Orchidales,Orchidaceae,Cyrtochilum,CZ,EC,,1,,live,,G,A
2019,II,Cyrtochilum macranthum,,Orchidales,Orchidaceae,Cyrtochilum,CZ,EC,,3,,live,,G,A
2019,II,Cyrtochilum serratum,,Orchidales,Orchidaceae,Cyrtochilum,CZ,EC,,2,,live,,G,A
2019,II,Dendrobium hybrid,,Orchidales,Orchidaceae,Dendrobium,JP,SG,,,3,live,,G,A
2019,II,Dichaea picta,,Orchidales,Orchidaceae,Dichaea,CZ,EC,,1,,live,,G,A
2019,II,Diodonopsis pygmaea,,Orchidales,Orchidaceae,Diodonopsis,CZ,EC,,1,,live,,G,A
2019,II,Dracula levii,,Orchidales,Orchidaceae,Dracula,CZ,EC,,2,,live,,G,A
2019,II,Dresslerella hispida,,Orchidales,Orchidaceae,Dresslerella,CZ,EC,,2,,live,,G,A
2019,II,Echinosepala lappiformis,,Orchidales,Orchidaceae,Echinosepala,CZ,EC,,1,,live,,G,A
2019,II,Echinosepala shuarii,,Orchidales,Orchidaceae,Echinosepala,CZ,EC,,4,,live,,G,A
2019,II,Eleorchis japonica,,Orchidales,Orchidaceae,Eleorchis,US,JP,,,2,live,,G,A
2019,II,Elleanthus blatteus,,Orchidales,Orchidaceae,Elleanthus,CZ,EC,,2,,live,,G,A
2019,II,Epidendrum kockii,,Orchidales,Orchidaceae,Epidendrum,CZ,EC,,2,,live,,G,A
2019,II,Epidendrum lacustre,,Orchidales,Orchidaceae,Epidendrum,CZ,EC,,2,,live,,G,A
2019,II,Epidendrum melanoporphyreum,,Orchidales,Orchidaceae,Epidendrum,CZ,EC,,2,,live,,G,A
2019,II,Epidendrum oxapampense,,Orchidales,Orchidaceae,Epidendrum,CZ,EC,,1,,live,,G,A
2019,II,Epidendrum sophronitoides,,Orchidales,Orchidaceae,Epidendrum,CZ,EC,,2,,live,,G,A
2019,II,Eurystyles cotyledon,,Orchidales,Orchidaceae,Eurystyles,CZ,EC,,3,,live,,G,A
2019,II,Fernandezia subbiflora,,Orchidales,Orchidaceae,Fernandezia,CZ,EC,,2,,live,,G,A
2019,II,Gongora sanderiana,,Orchidales,Orchidaceae,Gongora,CZ,EC,,1,,live,,G,A
2019,II,Grammatophyllum speciosum,,Orchidales,Orchidaceae,Grammatophyllum,JP,SG,,,2,live,,G,A
2019,II,Huntleya burtii,,Orchidales,Orchidaceae,Huntleya,CZ,EC,,1,,live,,G,A
2019,II,Lankesterella orthantha,,Orchidales,Orchidaceae,Lankesterella,CZ,EC,,2,,live,,G,A
2019,II,Lepanthes aculeata,,Orchidales,Orchidaceae,Lepanthes,CZ,EC,,1,,live,,G,A
2019,II,Lepanthes chorista,,Orchidales,Orchidaceae,Lepanthes,CZ,EC,,2,,live,,G,A
2019,II,Lepanthes elongata,,Orchidales,Orchidaceae,Lepanthes,CZ,EC,,1,,live,,G,A
2019,II,Lepanthes mucronata,,Orchidales,Orchidaceae,Lepanthes,CZ,EC,,2,,live,,G,A
2019,II,Lepanthes tachirensis,,Orchidales,Orchidaceae,Lepanthes,CZ,EC,,2,,live,,G,A
2019,II,Lepanthes zamorensis,,Orchidales,Orchidaceae,Lepanthes,CZ,EC,,1,,live,,G,A
2019,II,Lycaste xytriophora,,Orchidales,Orchidaceae,Lycaste,CZ,EC,,1,,live,,G,A
2019,II,Masdevallia coccinea,,Orchidales,Orchidaceae,Masdevallia,CZ,EC,,3,,live,,G,A
2019,II,Masdevallia discoidea,,Orchidales,Orchidaceae,Masdevallia,CZ,EC,,1,,live,,G,A
2019,II,Masdevallia klabochiorum,,Orchidales,Orchidaceae,Masdevallia,CZ,EC,,2,,live,,G,A
2019,II,Masdevallia lucernula,,Orchidales,Orchidaceae,Masdevallia,CZ,EC,,1,,live,,G,A
2019,II,Masdevallia mendozae,,Orchidales,Orchidaceae,Masdevallia,CZ,EC,,2,,live,,G,A
2019,II,Masdevallia popowiana,,Orchidales,Orchidaceae,Masdevallia,CZ,EC,,2,,live,,G,A
2019,II,Masdevallia veitchiana,,Orchidales,Orchidaceae,Masdevallia,CZ,EC,,1,,live,,G,A
2019,II,Masdevallia venusta,,Orchidales,Orchidaceae,Masdevallia,CZ,EC,,1,,live,,G,A
2019,II,Maxillaria longissima,,Orchidales,Orchidaceae,Maxillaria,CZ,EC,,2,,live,,G,A
2019,II,Maxillaria striata,,Orchidales,Orchidaceae,Maxillaria,CZ,EC,,2,,live,,G,A
2019,II,Maxillaria vulcanica,,Orchidales,Orchidaceae,Maxillaria,CZ,EC,,1,,live,,G,A
2019,II,Microchilus anchorifer,,Orchidales,Orchidaceae,Microchilus,CZ,EC,,1,,live,,G,A
2019,II,Microchilus tridax,,Orchidales,Orchidaceae,Microchilus,CZ,EC,,2,,live,,G,A
2019,II,Miltoniopsis roezlii,,Orchidales,Orchidaceae,Miltoniopsis,CZ,EC,,2,,live,,G,A
2019,II,Muscarella macroblepharis,,Orchidales,Orchidaceae,Muscarella,CZ,EC,,2,,live,,G,A
2019,II,Myoxanthus georgei,,Orchidales,Orchidaceae,Myoxanthus,CZ,EC,,2,,live,,G,A
2019,II,Myoxanthus sarcodactylae,,Orchidales,Orchidaceae,Myoxanthus,CZ,EC,,2,,live,,G,A
2019,II,Myoxanthus uxorius,,Orchidales,Orchidaceae,Myoxanthus,CZ,EC,,2,,live,,G,A
2019,II,Octomeria bomboizae,,Orchidales,Orchidaceae,Octomeria,CZ,EC,,1,,live,,G,A
2019,II,Octomeria portillae,,Orchidales,Orchidaceae,Octomeria,CZ,EC,,2,,live,,G,A
2019,II,Octomeria scirpoidea,,Orchidales,Orchidaceae,Octomeria,CZ,EC,,2,,live,,G,A
2019,II,Orchidaceae spp.,,Orchidales,Orchidaceae,,JP,SG,,10,9,live,,G,A
2019,II,Orchidaceae spp.,,Orchidales,Orchidaceae,,US,JP,,,2,live,,G,A
2019,II,Orchidaceae hybrid,,Orchidales,Orchidaceae,,JM,SG,,,1,live,,G,A
2019,II,Orchidaceae hybrid,,Orchidales,Orchidaceae,,JP,SG,,,3,live,,G,A
2019,II,Pabstiella piraquarensis,,Orchidales,Orchidaceae,Pabstiella,CZ,EC,,2,,live,,G,A
2019,II,Paphinia cristata,,Orchidales,Orchidaceae,Paphinia,CZ,EC,,2,,live,,G,A
2019,II,Peristeria pendula,,Orchidales,Orchidaceae,Peristeria,CZ,EC,,1,,live,,G,A
2019,II,Phalaenopsis amabilis,,Orchidales,Orchidaceae,Phalaenopsis,TH,DE,,,25,extract,kg,G,A
2019,II,Platystele stellaris,,Orchidales,Orchidaceae,Platystele,CZ,EC,,2,,live,,G,A
2019,II,Pleione formosana,,Orchidales,Orchidaceae,Pleione,US,JP,,,1,live,,G,A
2019,II,Pleurothallis ensata,,Orchidales,Orchidaceae,Pleurothallis,CZ,EC,,2,,live,,G,A
2019,II,Pleurothallis geographica,,Orchidales,Orchidaceae,Pleurothallis,CZ,EC,,2,,live,,G,A
2019,II,Pleurothallis nipterophylla,,Orchidales,Orchidaceae,Pleurothallis,CZ,EC,,1,,live,,G,A
2019,II,Pleurothallis perryi,,Orchidales,Orchidaceae,Pleurothallis,CZ,EC,,1,,live,,G,A
2019,II,Pleurothallis teaguei,,Orchidales,Orchidaceae,Pleurothallis,CZ,EC,,1,,live,,G,A
2019,II,Pleurothallis tragulosa,,Orchidales,Orchidaceae,Pleurothallis,CZ,EC,,2,,live,,G,A
2019,II,Polycycnis barbata,,Orchidales,Orchidaceae,Polycycnis,CZ,EC,,2,,live,,G,A
2019,II,Ponthieva gimana,,Orchidales,Orchidaceae,Ponthieva,CZ,EC,,1,,live,,G,A
2019,II,Ponthieva pilosissima,,Orchidales,Orchidaceae,Ponthieva,CZ,EC,,1,,live,,G,A
2019,II,Renanthera hybrid,,Orchidales,Orchidaceae,Renanthera,JP,SG,,,1,live,,G,A
2019,II,Schomburgkia rosea,,Orchidales,Orchidaceae,Schomburgkia,CZ,EC,,2,,live,,G,A
2019,II,Specklinia brighamii,,Orchidales,Orchidaceae,Specklinia,CZ,EC,,1,,live,,G,A
2019,II,Stelis brenneri,,Orchidales,Orchidaceae,Stelis,CZ,EC,,1,,live,,G,A
2019,II,Stelis dactyloptera,,Orchidales,Orchidaceae,Stelis,CZ,EC,,2,,live,,G,A
2019,II,Stelis fornicata,,Orchidales,Orchidaceae,Stelis,CZ,EC,,1,,live,,G,A
2019,II,Stelis gemma,,Orchidales,Orchidaceae,Stelis,CZ,EC,,1,,live,,G,A
2019,II,Stelis patinaria,,Orchidales,Orchidaceae,Stelis,CZ,EC,,2,,live,,G,A
2019,II,Stelis uniflora,,Orchidales,Orchidaceae,Stelis,CZ,EC,,1,,live,,G,A
2019,II,Sudamerlycaste fimbriata,,Orchidales,Orchidaceae,Sudamerlycaste,CZ,EC,,1,,live,,G,A
2019,II,Teagueia teaguei,,Orchidales,Orchidaceae,Teagueia,CZ,EC,,4,,live,,G,A
2019,II,Telipogon asuayanus,,Orchidales,Orchidaceae,Telipogon,CZ,EC,,2,,live,,G,A
2019,II,Telipogon nervosus,,Orchidales,Orchidaceae,Telipogon,CZ,EC,,3,,live,,G,A
2019,II,Trichopilia rostrata,,Orchidales,Orchidaceae,Trichopilia,CZ,EC,,1,,live,,G,A
2019,II,Trichosalpinx berlineri,,Orchidales,Orchidaceae,Trichosalpinx,CZ,EC,,3,,live,,G,A
2019,II,Trisetella abbreviata,,Orchidales,Orchidaceae,Trisetella,CZ,EC,,1,,live,,G,A
2019,II,Trisetella pantex,,Orchidales,Orchidaceae,Trisetella,CZ,EC,,2,,live,,G,A
2019,II,Zootrophion griffin,,Orchidales,Orchidaceae,Zootrophion,CZ,EC,,1,,live,,G,A
